id,res,pHcol,logD_M1,sf,sasresi,f,sfsc,sassc,fsc,hbbb,hbsc,hpeDB,sb,logD_M2,logD_M3,logD_M4,logD_M5,
1,GLY,7.4,-1.93,138.1188262,126.4,0.92,14.92,27.2,1.82,0,0,0,0,-1.78,-1.78,-1.78,-1.78,0
2,ILE,7.4,1.01,196.28,42.9,0.22,156.91,35.2,0.22,1,0,1,0,0.22,0.95,2.98,2.98,0
3,GLY,7.4,-1.68,96.1,44.4,0.46,14.92,23.7,1.59,0,0,0,0,-0.77,-0.77,-0.77,-0.77,0
4,ASP,7.4,-5.32,168.54,51.2,0.3,121.41,51.2,0.42,1,1,0,0,-1.6,-0.87,-0.87,-0.14,0.73
5,PRO,7.4,-0.19,155.56,62.4,0.4,114.88,62.4,0.54,1,0,1,0,-0.08,0.65,1.52,1.52,0
6,VAL,7.4,-0.33,170.11,116,0.68,129.92,114,0.88,1,0,0,0,-0.22,0.51,0.51,0.51,0
7,THR,7.4,-1.66,159.43,60.4,0.38,114.36,54.9,0.48,1,1,0,0,-0.63,0.1,0.1,0.83,0.73
8,CYS,7.4,0.02,154.78,0,0,106.71,0,0,1,0,1,0,0,0.73,2.53,2.53,0
9,LEU,7.4,-0.01,199.92,103.7,0.52,158.27,102.7,0.65,1,0,1,0,-0.01,0.72,1.67,1.67,0
10,LYS,7.4,-4.74,232.15,184.3,0.79,180.96,175.6,0.97,1,0,0,0,-3.74,-3.01,-3.01,-3.01,0
11,SER,7.4,-2.9,135.3,53.4,0.39,84.47,37.2,0.44,1,1,0,0,-1.13,-0.4,-0.4,0.33,0.73
12,GLY,7.4,-1.68,96.1,56.4,0.59,14.92,28.9,1.94,1,0,0,0,-0.99,-0.26,-0.26,-0.26,0
13,ALA,7.4,-1.26,126.18,6.7,0.05,69.08,5.9,0.09,1,0,1,0,-0.06,0.67,1.76,1.76,0
14,ILE,7.4,1.01,196.28,67.1,0.34,156.91,66.3,0.42,1,0,1,0,0.34,1.07,2.58,2.58,0
15,CYS,7.4,0.02,154.78,38.1,0.25,106.71,35.9,0.34,0,0,1,0,0,0,1.19,1.19,0
16,HIE,7.4,-5.18,210.4,37.2,0.18,167.9,36.3,0.22,1,0,0,0,-0.93,-0.2,-0.2,-0.2,0
17,PRO,7.4,-0.19,155.56,91.7,0.59,114.88,91.2,0.79,0,0,0,0,-0.11,-0.11,-0.11,-0.11,0
18,VAL,7.4,-0.33,170.11,101.4,0.6,129.92,98.6,0.76,0,0,0,0,-0.2,-0.2,-0.2,-0.2,0
19,PHE,7.4,2.22,231.16,114,0.49,188.31,112.2,0.6,0,0,1,0,1.09,1.09,2.37,2.37,0
20,CYS,7.4,0.02,154.78,34.8,0.22,106.71,27.2,0.25,0,0,1,0,0,0,1.35,1.35,0
21,PRO,7.4,-0.19,155.56,37.7,0.24,114.88,34.9,0.3,1,0,1,0,-0.05,0.68,2.01,2.01,0
22,ARG,7.4,-7.14,264.55,197.4,0.75,215.62,148.4,0.69,0,0,0,0,-5.35,-5.35,-5.35,-5.35,0
23,ARG,7.4,-7.14,264.55,190.1,0.72,215.62,139,0.64,0,0,0,0,-5.14,-5.14,-5.14,-5.14,0
24,TYR,7.4,0.31,243.28,58.4,0.24,200.6,58.4,0.29,1,0,1,0,0.07,0.8,3.21,3.21,0
25,LYS,7.4,-4.74,232.15,144.7,0.62,180.96,140.9,0.78,1,0,0,0,-2.94,-2.21,-2.21,-2.21,0
26,GLN,7.4,-2.73,202.01,95.4,0.47,155.63,87.7,0.56,0,1,0,0,-1.28,-1.28,-1.28,-0.55,0.73
27,ILE,7.4,1.01,196.28,79.4,0.4,156.91,68,0.43,1,0,1,0,0.4,1.13,2.61,2.61,0
28,GLY,7.4,-1.68,96.1,14.8,0.15,14.92,0,0,1,0,0,0,-0.25,0.48,0.48,0.48,0
29,THR,7.4,-1.66,159.43,57.1,0.36,114.36,57.1,0.5,1,0,0,0,-0.6,0.13,0.13,0.13,0
30,CYS,7.4,0.02,154.78,4.3,0.03,106.71,4.3,0.04,1,0,1,0,0,0.73,2.46,2.46,0
31,GLY,7.4,-1.68,96.1,47.4,0.49,14.92,27.8,1.86,0,0,0,0,-0.82,-0.82,-0.82,-0.82,0
32,LEU,7.4,-0.01,199.92,130.5,0.65,158.27,123,0.78,1,0,0,0,-0.01,0.72,0.72,0.72,0
33,PRO,7.4,-0.19,155.56,122.2,0.79,114.88,112,0.97,0,0,0,0,-0.15,-0.15,-0.15,-0.15,0
34,GLY,7.4,-1.68,96.1,47.5,0.49,14.92,7.1,0.48,0,0,0,0,-0.82,-0.82,-0.82,-0.82,0
35,THR,7.4,-1.66,159.43,14.7,0.09,114.36,14.7,0.13,1,0,0,0,-0.15,0.58,0.58,0.58,0
36,LYS,7.4,-4.74,232.15,58.1,0.25,180.96,58.1,0.32,1,1,0,0,-1.19,-0.46,-0.46,0.27,0.73
37,CYS,7.4,0.02,154.78,0,0,106.71,0,0,1,0,1,0,0,0.73,2.53,2.53,0
38,CYS,7.4,0.02,154.78,0,0,106.71,0,0,1,0,1,0,0,0.73,2.53,2.53,0
39,LYS,7.4,-4.74,232.15,80,0.34,180.96,79.6,0.44,1,1,0,0,-1.61,-0.88,-0.88,-0.15,0.73
40,LYS,7.4,-4.74,232.15,119.6,0.52,180.96,116.9,0.65,0,0,0,0,-2.46,-2.46,-2.46,-2.46,0
41,PRO,7.4,-1.31,212.4331711,147.3,0.69,114.88,99.8,0.87,0,0,0,0,-0.9,-0.9,-0.9,-0.9,0